date,name
2022-09-10,Mid-Autumn Festival
2022-09-11,Mid-Autumn Festival
2022-09-12,Mid-Autumn Festival
2022-10-01,National Day
2022-10-02,National Day
2022-10-03,National Day
2022-10-04,National Day
2022-10-05,National Day
2022-10-06,National Day
2022-10-07,National Day
2022-12-31,New Year
2023-01-01,New Year
2023-01-02,New Year
2023-01-21,Spring Festival
2023-01-22,Spring Festival
2023-01-23,Spring Festival
2023-01-24,Spring Festival
2023-01-25,Spring Festival
2023-01-26,Spring Festival
2023-01-27,Spring Festival
